<?xml version="1.0" encoding="UTF-8"?>

<beans xmlns="http://www.springframework.org/schema/beans"
	xmlns:xsi="http://www.w3.org/2001/XMLSchema-instance"
	xsi:schemaLocation="http://www.springframework.org/schema/beans
		https://www.springframework.org/schema/beans/spring-beans.xsd">
		
			<bean id="employee" class="SetterlnjectionXML.Employee">
	
	<property name="employeeId" value= "100" />
	<property name="employeeName" value= "Shyam Patil" />
	<property name="employeeRole" value= "Developer"/>
	<property name="employeeSalary" value= "90000.56"/>
	<property name="department" ref= "department1"/>
	
	</bean>
	<bean id="department1" class="SetterlnjectionXML.Department">
	
	<property name="deptId" value= "001" />
	<property name="deptName" value= "Development" />
	</bean>

</beans>